Company,Total Revenue,Net Income,Total Assets,Total Liabilities,Cash Flow from Operating Activities,Revenue Growth(%),Net Income Growth(%),Assests Growth(%),Liabilities Growth(%),CashFlow Growth(%)
Apple,381143.3333333333,97159.33333333333,352113.3333333333,293477.3333333333,112244.0,1.664442357954891,0.8657716488695769,0.1502227666520343,0.35558607075341087,2.6356642050201273
Microsoft,192757.66666666666,68790.0,370198.3333333333,198614.0,84452.33333333333,8.279366728442199,6.065639152203058,7.408498024195816,2.3840829812587025,4.796562996134912
Tesla,77352.0,11016.333333333334,83695.66666666667,36665.666666666664,13159.0,23.384181134659826,48.92090272566279,20.670474739918735,12.438190643784056,6.032691628700197
